53276	30960898
53276	30960898
23449	30960898
61459	30960898
33839	30960898
53276	30960898
53276	30960898
53276	30960898
30052	30960898
40910	30960898
22339	30960898
53276	30960898
40910	30960898
22339	30960898
22680	30960898
22339	30960898
59963	30960898
25555	30960898
53276	30960898
53276	30960898
53276	30960898
53276	30960898
53276	30960898
53276	30960898
53276	30960898
37136	30197941
27899	30197941
37136	30197941
37136	30197941
27899	30197941
27899	30197941
37136	30197941
27899	30197941
27899	30197941
31355	30197941
45863	30197941
31355	30197941
37136	30197941
37136	30197941
37136	30197941
37136	30197941
37136	30197941
27899	30197941
37136	30197941
37136	30197941
27899	30197941
58359	30173296
5931	30173296
17650	30173296
51356	30173296
58007	30173296
10545	30173296
61538	30173296
33415	30173296
30052	30173296
10545	30173296
10545	30173296
59809	30173296
64816	30173296
48120	30173296
59809	30173296
64816	30173296
59809	30173296
64816	30173296
53233	30173296
17042	30173296
59809	30173296
64816	30173296
59809	30173296
64816	30173296
37396	30173296
37396	30173296
28748	30173296
59809	30173296
59809	30173296
64816	30173296
10545	30173296
59809	30173296
64816	30173296
49618	29794239
49618	29794239
37333	29794239
36375	29794239
30212	29794239
30212	29794239
5601	29710215
7754	29710215
16526	29921222
16526	29921222
16526	29921222
16842	29432428
53258	29432428
16240	29432428
57586	29432428
53424	29432428
5601	29432428
68478	29432428
48120	31437536
36064	31437536
41774	31437536
64816	31437536
45863	31437536
46345	31437536
78897	31437536
60255	31437536
60255	31437536
25805	31437536
3815	31437536
17089	31437536
78897	31437536
36976	31437536
52661	31437536
77702	31437536
77702	31437536
5601	31437536
16842	31437536
60255	31437536
60255	31437536
41688	31437536
17089	31437536
29149	31437536
3815	31437536
47013	29190967
59809	29190967
48120	29190967
61399	29190967
50859	29190967
79699	29190967
68478	29190967
68478	29190967
68478	29190967
57491	29190967
45863	29190967
75998	29190967
75998	29190967
44185	29190967
44185	29190967
44185	29190967
15367	29190967
15367	29190967
49960	29190967
49960	29190967
41688	29190967
53233	29190967
6706	29190967
6706	29190967
15355	29190967
6706	29190967
6706	29190967
6706	29190967
61399	29190967
41688	29190967
6706	29190967
61399	29190967
52717	29190967
15367	29190967
44730	29190967
6706	29190967
61399	29190967
61399	29190967
61399	29190967
61399	29190967
61399	29190967
61399	29190967
52717	29190967
52717	29190967
31638	29190967
52717	29190967
52717	29190967
15367	29190967
15367	29190967
15367	29190967
64816	29190967
15358	29190967
15367	29190967
15367	29190967
41688	29190967
16526	29190967
5931	29190967
5931	29190967
17650	29190967
6706	29190967
61399	29190967
52717	29190967
15367	29190967
28262	29190967
61399	29190967
52717	29190967
15367	29190967
44730	29190967
6706	29190967
61399	29190967
15367	29190967
52717	29190967
6706	29190967
61538	29190967
10545	29190967
41688	29190967
44520	29190967
15377	29190967
53258	29190967
44730	29190967
15377	29190967
6706	29190967
61399	29190967
4909	29190967
4909	29190967
42768	29632317
42768	29632317
42768	29632317
16670	29632317
5699	29632317
60255	29632317
53424	29632317
15377	29632317
16842	29632317
53258	29632317
16240	29632317
57586	29632317
53424	29632317
5601	29632317
61538	29632317
77702	29632317
25555	29632317
57586	29632317
4883	29632317
2511	29632317
72564	29740146
36916	29740146
16235	29740146
16708	29740146
16235	29740146
16235	29740146
25305	29740146
32875	29740146
16235	29740146
18059	29740146
72564	29740146
72564	29740146
47013	29740146
25305	29740146
78897	29740146
18059	29740146
18059	29740146
24823	29740146
15756	29740146
28842	29740146
18059	29740146
46882	29740146
58158	29740146
17549	29740146
15430	29740146
30769	29740146
30769	29740146
10545	29740146
18059	29740146
58158	29740146
18059	29740146
24823	29740146
18059	29740146
15756	29740146
30769	29740146
30769	29740146
58158	29740146
58158	29740146
17549	29740146
58158	29740146
16526	29740146
44730	29740146
44730	29740146
51240	29740146
17042	29740146
53325	29740146
48559	29740146
8040	29740146
61538	29740146
29234	29740146
5291	29740146
8040	29740146
8040	29740146
15377	29740146
10545	29740146
38472	29740146
44520	29740146
15377	29740146
34665	29740146
16189	29740146
262350	29740146
38472	29740146
44520	29740146
15377	29740146
15377	29740146
15377	29740146
262350	29740146
36807	29740146
32875	29740146
51088	29740146
39299	29740146
42266	29740146
61459	29740146
33681	29740146
10545	29740146
32745	29740146
4986	29740146
18310	29740146
18310	29740146
16995	29740146
30794	29740146
6650	29740146
30769	29740146
22958	29740146
41688	29740146
41688	29740146
41688	29740146
44520	29740146
44520	29740146
78897	29740146
78897	29740146
72564	29740146
72564	29740146
18059	29740146
15377	30380827
26195	30380827
60550	30380827
26191	30380827
16670	30380827
60550	30380827
26191	30380827
26710	30380827
26710	30380827
32145	30380827
30563	30380827
15377	30380827
15377	30380827
16670	30380827
15377	30380827
16670	30380827
30563	30380827
36916	30380827
15358	30380827
26195	30380827
48819	30380827
26911	30380827
35803	30380827
18059	30380827
5931	30380827
7754	30380827
33655	30380827
23044	30380827
17855	30380827
26195	30380827
28669	30380827
5118	30380827
72544	30380827
72544	30380827
72544	30380827
24128	30380827
18059	30380827
18059	30380827
72544	30380827
26195	30380827
26195	30380827
83813	30380827
64948	30380827
17347	30380827
30396	30380827
6457	30380827
15882	30380827
67201	30380827
71222	30380827
26605	30380827
22315	30380827
26605	30380827
37332	30380827
16670	30380827
16670	30380827
16670	30380827
16670	30380827
16670	30380827
16670	30380827
16670	30380827
16670	30380827
16670	30380827
16670	30380827
16670	30380827
16670	30380827
16670	30380827
16670	30380827
16670	30380827
16670	30380827
16670	30380827
16670	30380827
3492	30380827
204734	30380827
26710	30380827
9978	30380827
60550	30380827
26191	30380827
53276	30380827
60709	30380827
53511	30380827
22901	30380827
53515	30380827
53276	30380827
15358	30380827
37080	30380827
16670	30380827
47217	30380827
47217	30380827
15377	30380827
16670	30380827
16670	30380827
17996	30380827
16670	30380827
73363	30380827
15705	30380827
16670	30380827
83813	30380827
51397	30380827
15705	30380827
51397	30380827
83813	30380827
28718	30380827
30653	30380827
46912	30380827
16670	30380827
7754	30380827
16670	30380827
36916	30380827
18320	30380827
16670	30380827
18154	30380827
26710	30380827
16670	30380827
7754	30380827
16670	30380827
26710	30380827
7754	30380827
60029	30380827
37997	30380827
60550	30380827
26191	30380827
27561	30380827
38685	30380827
53513	30380827
38472	30380827
15377	30380827
30563	30380827
44520	30380827
15377	30380827
17754	30380827
35701	30380827
60550	30380827
26191	30380827
53276	30380827
60709	30380827
53511	30380827
33641	30380827
18153	30380827
53550	30380827
33415	30380827
41808	30380827
35290	30380827
30563	30380827
41808	30380827
24573	30380827
22901	30380827
27561	30380827
17967	30380827
62947	30380827
44520	30380827
15377	30380827
38472	30380827
53276	30380827
53276	30380827
30563	30380827
29021	30380827
30563	30380827
33839	30380827
16670	30380827
16670	27565614
53276	27565614
53276	27565614
16670	27565614
44730	27565614
15377	27565614
16670	27565614
30052	27565614
33543	27565614
42758	27565614
33415	27565614
16670	27565614
7754	27565614
25555	27565614
31624	27565614
7754	27565614
47622	27565614
53276	27565614
32954	27565614
37586	27565614
29979	27565614
24410	27565614
15377	27565614
10545	28611381
48775	28611381
30453	28611381
48775	28611381
30453	28611381
30513	28611381
30513	28611381
10545	28611381
10545	28611381
10545	28611381
10545	28611381
10545	28611381
10545	28611381
10545	28611381
10545	28611381
49470	28611381
10545	28611381
10545	28611381
30212	28611381
10545	28611381
27573	28611381
10545	28611381
10545	28611381
10545	28611381
10545	28611381
49907	28611381
27573	28611381
10545	28611381
49475	28611381
15347	28611381
44520	28611381
28831	28611381
10545	28611381
10545	28611381
32745	28611381
46727	28611381
49664	28611381
33681	28611381
53276	27065493
53276	27065493
29005	27065493
17578	27065493
43098	27065493
16716	27065493
29101	27065493
30000	27065493
61369	27065493
46727	27065493
48775	27065493
53276	27065493
29294	27065493
30222	27065493
60029	27065493
27288	27363015
36064	27363015
23965	27363015
41774	27363015
41688	27363015
41688	27363015
4021	27363015
66903	27363015
4021	27363015
66903	27363015
30185	27363015
49900	27363015
51240	27363015
4021	27363015
66903	27363015
51240	27363015
64816	27363015
51240	27363015
51240	27363015
51240	27363015
47013	27363015
64816	27363015
64816	27363015
50729	27363015
64816	27363015
50729	27363015
4021	27363015
66903	27363015
51240	27363015
34892	27363015
45863	27363015
34892	27363015
34892	27363015
34892	27363015
8040	27363015
34892	27363015
44520	27363015
45863	27363015
16526	27363015
5931	27363015
17650	27363015
42768	27363015
42768	27363015
28262	27363015
34892	27363015
66903	27363015
4021	27363015
45863	27363015
34892	27363015
64816	27363015
50729	27363015
49900	27363015
15377	27363015
41688	27363015
44520	27363015
15377	27363015
53258	27363015
44730	27363015
15377	27363015
41688	27363015
15358	27363015
60766	27363015
53325	27363015
53424	27363015
44730	27363015
51240	27363015
37926	27363015
51240	27363015
50729	27363015
7754	27363015
7754	27363015
7754	27363015
34892	27363015
34892	27363015
45863	27363015
24061	27363015
61538	27363015
29234	27363015
44520	27363015
5291	27363015
8040	27363015
15377	27363015
10545	27363015
30212	27363015
47885	30429378
18059	30429378
10545	30429378
16480	30429378
59585	30429378
25805	30429378
18059	30429378
64482	30429378
28938	30429378
45887	30429378
35255	30429378
15377	30429378
53201	30429378
47622	30429378
16183	30429378
44520	30429378
51356	30429378
58007	30429378
18059	30429378
29785	30429378
46882	30429378
32359	30429378
16870	30429378
25555	30429378
30212	30429378
61538	30429378
48775	28974769
30453	28974769
49631	28974769
10545	28974769
49631	28974769
10545	28974769
10545	28974769
10545	28974769
10545	28974769
33681	28974769
27573	28974769
33783	28974769
49907	28974769
10545	28974769
33341	28974769
10545	28974769
33681	28974769
10545	28974769
10545	28974769
10545	28974769
16842	29049316
17650	29049316
5931	29049316
16708	29049316
51240	29049316
7754	29049316
33709	29049316
33709	29049316
33415	30013943
33415	30013943
33415	30013943
33415	30013943
33415	30013943
33415	30013943
33415	30013943
33415	30013943
33415	30013943
33415	30013943
33415	30013943
33415	30013943
33415	30013943
33415	30013943
17883	30013943
3311	30013943
33415	30013943
33415	30013943
33415	30013943
33143	30013943
33415	30013943
33415	30013943
33415	30013943
33415	30013943
33415	30013943
33415	30013943
33415	30013943
33415	30013943
33415	30013943
33415	30013943
33415	30013943
33415	30013943
33415	30013943
3311	30013943
33415	30013943
36916	30013943
16670	30137025
16670	30137025
15358	30137025
50131	30137025
16670	30137025
16842	30137025
70839	30137025
57586	30137025
6993	30595608
30212	30595608
30212	30595608
30212	30595608
30212	30595608
6993	30595608
30212	30595608
30212	30595608
6993	30595608
30212	30595608
30212	30595608
30212	30595608
30212	30595608
6993	30595608
6993	30595608
6993	30595608
30212	30595608
74981	30595608
30212	30595608
74981	30595608
6993	30595608
6993	30595608
6993	30595608
6993	30595608
30212	30595608
30212	30595608
68478	30021906
9168	30021906
53181	30021906
68478	30021906
9168	30021906
30212	30021906
53181	30021906
16412	30021906
9168	30021906
68478	30021906
9168	30021906
9168	30021906
68478	30021906
30085	30021906
16450	30021906
74768	30021906
45409	30021906
72291	30021906
33838	30021906
45409	30021906
28262	30021906
53181	30021906
5601	30021906
37926	30021906
51356	30021906
58007	30021906
58359	30021906
61538	30021906
29234	30021906
17089	30021906
53424	30021906
51247	30021906
41218	30021906
53181	30021906
350546	30409162
350546	30409162
350546	30409162
350546	30409162
350546	30409162
18059	30409162
350546	30409162
18059	30409162
350546	30409162
350546	30409162
350546	30409162
350546	30409162
350546	30409162
350546	30409162
350546	30409162
350546	30409162
350546	30409162
350546	30409162
350546	30409162
350546	30409162
350546	30409162
28790	30409162
350546	30409162
350546	30409162
350546	30409162
350546	30409162
350546	30409162
350546	30409162
350546	30409162
350546	30409162
350546	30409162
350546	30409162
28757	30409162
350546	30409162
350546	30409162
350546	30409162
350546	30409162
350546	30409162
350546	30409162
350546	30409162
350546	30409162
350546	30409162
350546	30409162
350546	30409162
350546	30409162
350546	30409162
51356	30409162
58007	30409162
3815	30409162
350546	30409162
18059	30409162
350546	30409162
17042	30409162
350546	30409162
50924	30409162
68647	30409162
350546	30409162
350546	30409162
350546	30409162
38635	30409162
350546	30409162
61538	30409162
16196	30409162
16196	30409162
350546	30409162
61538	30409162
17824	30409162
17824	30409162
5601	30409162
16196	30409162
16196	30409162
350546	30409162
3815	30409162
16196	30409162
16196	30409162
350546	30409162
17042	30409162
6015	30409162
77702	30409162
25555	30409162
16842	30409162
350546	30409162
350546	30409162
350546	30409162
350546	30409162
350546	30409162
350546	30409162
350546	30409162
350546	30409162
350546	30409162
350546	30409162
28757	30409162
350546	30409162
350546	30409162
16196	30409162
350546	30409162
16196	30409162
350546	30409162
18059	30409162
350546	30409162
16196	30409162
16196	30409162
350546	30409162
350546	30409162
350546	30409162
16196	30409162
350546	30409162
350546	30409162
18059	30409162
350546	30409162
16196	30409162
18059	30409162
350546	30409162
18059	30409162
30212	30409162
350546	30409162
350546	30409162
350546	30409162
350546	30409162
350546	30409162
18059	30409162
350546	30409162
350546	30409162
350546	30409162
350546	30409162
350546	30409162
350546	30409162
38635	30409162
350546	30409162
350546	30409162
350546	30409162
350546	30409162
350546	30409162
350546	30409162
350546	30409162
350546	30409162
350546	30409162
38635	30409162
350546	30409162
16196	30409162
350546	30409162
350546	30409162
350546	30409162
350546	30409162
350546	30409162
350546	30409162
350546	30409162
350546	30409162
350546	30409162
350546	30409162
350546	30409162
350546	30409162
350546	30409162
350546	30409162
350546	30409162
350546	30409162
350546	30409162
350546	30409162
350546	30409162
350546	30409162
350546	30409162
350546	30409162
350546	30409162
350546	30409162
350546	30409162
350546	30409162
350546	30409162
350546	30409162
350546	30409162
16196	30409162
350546	30409162
350546	30409162
350546	30409162
350546	30409162
350546	30409162
350546	30409162
9123	30409162
5138	30409162
350546	30409162
9123	30409162
350546	30409162
350546	30409162
350546	30409162
350546	30409162
350546	30409162
350546	30409162
350546	30409162
350546	30409162
9123	30409162
5138	30409162
9123	30409162
5138	30409162
350546	30409162
350546	30409162
350546	30409162
16196	30409162
350546	30409162
350546	30409162
350546	30409162
350546	30409162
350546	30409162
350546	30409162
350546	30409162
350546	30409162
350546	30409162
350546	30409162
350546	30409162
350546	30409162
350546	30409162
50924	30409162
350546	30409162
50924	30409162
68647	30409162
68647	30409162
350546	30409162
50924	30409162
68647	30409162
350546	30409162
38635	30409162
16196	30409162
50924	30409162
68647	30409162
350546	30409162
50924	30409162
50924	30409162
350546	30409162
50924	30409162
68647	30409162
68647	30409162
350546	30409162
68647	30409162
350546	30409162
44730	30409162
350546	30409162
18059	30409162
350546	30409162
350546	30409162
350546	30409162
350546	30409162
350546	30409162
350546	30409162
350546	30409162
350546	30409162
18059	30409162
350546	30409162
350546	30409162
350546	30409162
350546	30409162
5601	30409162
44730	30409162
350546	30409162
16196	30409162
350546	30409162
350546	30409162
42758	30409162
350546	30409162
350546	30409162
350546	30409162
350546	30409162
350546	30409162
350546	30409162
350546	30409162
350546	30409162
44730	30409162
350546	30409162
350546	30409162
350546	30409162
350546	30409162
350546	30409162
350546	30409162
350546	30409162
350546	30409162
350546	30409162
350546	30409162
18059	30409162
350546	30409162
18059	30409162
28757	30409162
350546	30409162
350546	30409162
350546	30409162
350546	30409162
350546	30409162
350546	30409162
350546	30409162
350546	30409162
350546	30409162
350546	30409162
350546	30409162
350546	30409162
350546	30409162
350546	30409162
350546	30409162
350546	30409162
350546	30409162
350546	30409162
350546	30409162
18059	30409162
350546	30409162
3815	30409162
16196	30409162
350546	30409162
350546	30409162
18059	30409162
350546	30409162
350546	30409162
18059	30409162
350546	30409162
16196	30409162
350546	30409162
350546	30409162
350546	30409162
9123	30409162
5138	30409162
9123	30409162
5138	30409162
350546	30409162
16196	30409162
350546	30409162
16196	30409162
16842	29954776
27504	29954776
9570	29954776
27338	29954776
16240	29954776
57586	29954776
5601	29954776
5601	29954776
18219	29954776
26519	30393759
38532	25496115
41688	25496115
51240	25496115
41688	25496115
41688	25496115
4021	25496115
41688	25496115
41688	25496115
16526	25496115
42758	25496115
42768	25496115
60255	25496115
28262	25496115
5699	25496115
5699	25496115
4021	25496115
44730	25496115
51240	25496115
41688	25496115
41688	25496115
44520	25496115
53258	25496115
44730	25496115
41688	25496115
60766	25496115
37926	25496115
41774	28935545
41774	28935545
41774	28935545
6413	28935545
2704	28935545
4953	28935545
44616	28935545
29987	28935545
5931	28935545
17650	28935545
57603	28935545
43448	28935545
30661	28935545
48843	28935545
17833	28935545
31991	28935545
16526	28935545
31638	28935545
8863	28935545
64208	28935545
7754	28935545
37990	28935545
37989	28935545
37990	28935545
53325	28935545
32551	28935545
61538	28935545
29234	28935545
5291	28935545
51248	28935545
52661	28935545
8040	28935545
8040	28935545
41688	28935545
44520	28935545
50744	28935545
36375	28935545
23965	28935545
33697	28935545
30458	28935545
6413	28935545
41688	28935545
16670	30115642
16670	30115642
16670	30115642
16670	30115642
60766	30115642
8984	30115642
2511	30115642
15366	30115642
15377	30115642
38472	30115642
30751	30115642
37926	30115642
246422	30115642
16670	30115642
4027	30115642
15765	25506041
15765	25506041
39585	25506041
15765	25506041
59905	25506041
15765	25506041
59905	25506041
26536	28678839
32184	28678839
26536	28678839
32184	28678839
26537	28678839
15377	28678839
30000	28678839
28619	28678839
53249	28678839
52661	28678839
51248	28678839
37537	28678839
8116	28678839
30807	28678839
47622	28678839
8116	28678839
30807	28678839
47622	28678839
29699	28678839
16240	28678839
29699	28678839
35154	28678839
15358	28678839
16040	28678839
47885	28678839
45863	28678839
4911	28678839
49900	28678839
46662	27151586
33417	27151586
46662	27151586
26710	26250392
5601	30592499
31624	30592499
8485	30592499
36807	30592499
30618	30592499
61369	30592499
30618	30592499
30618	30592499
30618	30592499
36375	30592499
18059	30592499
31624	30592499
33325	26844112
33325	26844112
15377	28979816
41250	28979816
53424	28979816
46883	28979816
57947	28979816
42758	28979816
51142	28979816
84123	28979816
32952	28979816
16670	28979816
18211	28979816
33415	30917129
25555	30917129
25555	30917129
42758	30917129
28087	30917129
24859	30917129
17029	30917129
50011	30917129
28087	30917129
16382	30917129
28087	30917129
50011	30917129
17029	30917129
42485	30917129
26188	30917129
16670	30917129
26188	30917129
16670	30917129
26188	30917129
40303	30917129
3815	30917129
16670	30917129
16670	30917129
24400	30917129
28087	30917129
46793	30917129
3312	30917129
24753	30917129
42768	30917129
42768	30917129
24753	30917129
42768	30917129
46887	30917129
7507	30917129
24753	30917129
42768	30917129
42768	30917129
51232	30917129
51232	30917129
50011	30917129
42485	30917129
16670	30917129
33543	30917129
36874	30917129
24753	30917129
16670	30917129
16670	30917129
16670	30917129
51232	30917129
24753	30917129
24753	30917129
24753	30917129
36976	30917129
24753	30917129
36976	30917129
42758	30917129
28087	30917129
28087	30917129
24859	30917129
51232	30917129
44730	30917129
50011	30917129
50011	30917129
17754	30917129
42758	30917129
16670	30917129
42758	30917129
17992	30917129
24753	30917129
42768	30917129
42768	30917129
15377	30917129
16670	30917129
24753	30917129
24753	30917129
16670	30917129
16670	30917129
16670	30917129
24753	30917129
25555	30917129
42768	30917129
42768	30917129
42768	30917129
42768	30917129
31624	30917129
33543	30917129
7754	30917129
15358	29546066
17833	29546066
8642	29546066
15377	29546066
2511	29546066
2511	29546066
2511	29546066
2511	29546066
2511	29546066
41688	29546066
28262	29546066
60255	29546066
15358	29546066
15358	29546066
16842	29133365
5601	29133365
8273	25109615
8273	25109615
8273	25109615
8273	25109615
8273	25109615
8273	25109615
43176	25109615
32875	25109615
27418	25109615
8273	25109615
8273	25109615
8273	25109615
8273	25109615
8273	25109615
8273	25109615
8273	25109615
8273	25109615
8273	25109615
51356	25109615
58007	25109615
52055	25109615
51356	25109615
58007	25109615
8273	25109615
8273	25109615
8273	25109615
8273	25109615
44730	25109615
51240	25109615
4883	25109615
8273	25109615
52055	25109615
8273	25109615
8273	25109615
28834	25109615
60766	25109615
15841	25109615
53250	25109615
53424	25109615
41218	25109615
31624	25109615
8273	25109615
8273	25109615
8273	25109615
8273	25109615
8273	25109615
8273	25109615
8273	25109615
8273	25109615
8273	25109615
8273	25109615
8273	25109615
8273	25109615
8273	25109615
4883	25109615
52055	25109615
8273	25109615
8273	25109615
8273	25109615
8273	25109615
8273	25109615
8273	25109615
8273	25109615
8273	25109615
8273	25109615
8273	25109615
8273	25109615
8273	25109615
8273	25109615
8273	25109615
8273	25109615
8273	25109615
8273	25109615
18421	25109615
8273	25109615
8273	25109615
8273	25109615
8273	25109615
36141	25109615
8273	25109615
8273	25109615
8273	25109615
8273	25109615
8273	25109615
8273	25109615
8273	25109615
8273	25109615
8273	25109615
8273	25109615
8273	25109615
8273	25109615
8273	25109615
8273	25109615
8273	25109615
8273	25109615
8273	25109615
8273	25109615
8273	25109615
8273	25109615
8273	25109615
8273	25109615
8273	25109615
44730	25109615
51240	25109615
8273	25109615
8273	25109615
8273	25109615
8273	25109615
8273	25109615
8273	25109615
8273	25109615
31348	25276262
46345	25276262
31348	25276262
31348	25276262
31348	25276262
31348	25276262
31348	25276262
46345	25276262
31348	25276262
31348	25276262
31348	25276262
175901	25276262
175901	25276262
4027	25276262
10033	25276262
15640	25276262
15640	25276262
31941	25276262
45863	25276262
41774	26005699
31638	26005699
6413	26005699
50342	26005699
10545	26005699
24061	26005699
31991	26005699
44730	26005699
23965	26005699
16842	26005699
57586	26005699
44215	26439987
15358	26439987
40574	26439987
15358	26439987
15358	26439987
50342	26439987
17833	26439987
41250	26439987
42485	26439987
64276	26439987
16842	26439987
26519	26439987
31638	27178224
31638	27178224
31638	27178224
41774	27178224
31638	27178224
31638	27178224
31638	27178224
31638	27178224
31638	27178224
31638	27178224
31638	27178224
31638	27178224
31638	27178224
23965	27178224
41774	27178224
9635	27178224
8772	27178224
2704	27178224
6413	27178224
4953	27178224
31638	27178224
68478	27178224
31991	27178224
41774	27178224
31638	27178224
27656	27784746
27656	27784746
31941	27784746
46345	27784746
46345	27784746
31348	27784746
31941	27784746
80630	27784746
63632	27784746
80630	27784746
27656	27784746
60804	27784746
23456	27784746
46793	27784746
46345	27784746
31941	27784746
51356	27784746
58007	27784746
42485	27784746
44520	27784746
41688	27784746
9177	27784746
29234	27784746
53424	27784746
51766	27784746
51248	27784746
17992	27784746
15358	27784746
33325	27784746
31348	27784746
25555	27923045
45863	27923045
64816	27923045
4027	27923045
45863	27923045
31348	27923045
31355	27923045
16336	27923045
36064	27923045
41774	27923045
49603	27923045
10545	24669863
10545	24669863
16247	24669863
10545	24669863
10545	24669863
45783	24669863
51356	24669863
31991	24669863
44730	24669863
31638	24669863
45783	24669863
64276	24669863
49789	24669863
30721	24669863
47622	24669863
50744	24669863
10545	24669863
44730	24669863
45783	24669863
29699	24669863
45783	24669863
52007	24669863
41688	24669863
31638	24669863
41688	24669863
50744	24669863
60766	24669863
53325	24669863
29234	24669863
41774	24669863
31638	24669863
10545	24669863
31690	24669863
31690	24669863
10545	24669863
10545	24669863
31638	24669863
45783	24669863
10545	24669863
31638	24669863
45783	24669863
10545	24669863
45783	24669863
45783	24669863
45783	24669863
45783	24669863
45783	24669863
45783	24669863
29699	24669863
45783	24669863
52007	24669863
29699	24669863
45783	24669863
29699	24669863
45783	24669863
44730	24669863
45783	24669863
44730	24669863
45783	24669863
29699	24669863
45783	24669863
52007	24669863
10545	24669863
31638	24669863
10545	24669863
42758	24669863
10545	24669863
51231	24669863
10545	24669863
31638	24669863
41774	24669863
49836	29651165
25805	29651165
50342	29651165
50744	29651165
16087	29651165
30797	29651165
50744	29651165
53448	29651165
50744	29651165
29785	29651165
23116	29651165
49637	29651165
50744	29651165
35358	29651165
50744	29651165
37868	29651165
15377	29651165
50744	29651165
50744	29651165
41688	29651165
50744	29651165
25805	29651165
23019	29651165
48819	29651165
10545	29651165
25805	29651165
25675	29651165
28201	29651165
42758	29651165
3815	29651165
3815	29651165
50744	29651165
50744	29651165
50744	29651165
50744	29651165
50744	29651165
50744	29651165
42758	29651165
50744	29651165
42758	29651165
42758	29651165
50744	29651165
42758	29651165
50744	29651165
50744	29651165
50744	29651165
50744	29651165
50744	29651165
42758	29651165
50744	29651165
32875	29651165
30797	29651165
30031	29651165
50744	29651165
18421	29651165
50744	29651165
50744	29651165
50744	29651165
33415	29651165
30797	29651165
30031	29651165
29806	29651165
30797	29651165
30031	29651165
50744	29651165
30031	29651165
30797	29651165
16087	29651165
16087	29651165
25523	29651165
25523	29651165
57925	29651165
18421	29651165
17858	29651165
29806	29651165
18300	29651165
30797	29651165
72314	29651165
50744	29651165
50744	29651165
24996	29651165
50744	29651165
50744	29651165
6801	29651165
6801	29651165
24996	29651165
42758	29651165
24996	29651165
33415	29651165
78320	29651165
6801	29651165
50744	29651165
50744	29651165
50744	29651165
50744	29651165
27899	29651165
49836	29651165
27899	29651165
27899	29651165
27899	29651165
27899	29651165
27899	29651165
27899	29651165
27899	29651165
27899	29651165
27899	29651165
41688	29651165
27899	29651165
27899	29651165
27899	29651165
27899	29651165
27899	29651165
27899	29651165
27899	29651165
49836	29651165
50744	29651165
50744	29651165
42758	29651165
15361	29651165
47989	29651165
50744	29651165
24996	29651165
51356	29651165
58007	29651165
60758	29651165
44730	29651165
53448	29651165
42758	29651165
15377	29651165
15377	29651165
44520	29651165
34665	29651165
262350	29651165
44520	29651165
35255	29651165
38472	29651165
44520	29651165
15377	29651165
15377	29651165
15377	29651165
15377	29651165
30751	29651165
38472	29651165
30751	29651165
17824	29651165
38472	29651165
30751	29651165
15377	29651165
38472	29651165
15377	29651165
5931	29651165
48843	29651165
50144	29651165
18059	29651165
44520	29651165
44520	29651165
41688	29651165
44520	29651165
15377	29651165
15377	29651165
15377	29651165
53258	29651165
44730	29651165
15377	29651165
78897	29651165
44730	29651165
51240	29651165
50744	29651165
50744	29651165
44520	29651165
62946	29651165
44520	29651165
17992	29651165
8102	29651165
50744	29651165
44730	29651165
3815	29651165
27899	29651165
27899	29651165
42758	29651165
15361	29651165
6801	29651165
17544	29651165
42758	29651165
15361	29651165
25675	29651165
28201	29651165
17544	29651165
42758	29651165
15361	29651165
42758	29651165
25675	29651165
23623	29651165
42758	29651165
50744	29651165
30563	29651165
52107	29651165
52107	29651165
30563	29651165
27899	29651165
50744	29651165
27899	29651165
27899	29651165
16842	29480819
6413	29480819
4953	29480819
48010	29480819
16235	29480819
16708	29480819
16040	29480819
17821	29480819
16044	29480819
49038	29480819
31638	24858277
41774	24858277
31638	24858277
42758	24858277
24848	24858277
41688	24858277
31991	24858277
41688	24858277
23965	24858277
50744	24858277
44730	24858277
60766	24858277
53325	24858277
29234	24858277
7754	24858277
52007	24858277
51240	24858277
10545	24858277
64276	24858277
49789	24858277
30721	24858277
47622	24858277
10545	24858277
35154	24858277
36976	24858277
31638	24858277
18059	24858277
18059	24858277
48559	24858277
46887	24858277
35235	24858277
16240	24858277
18421	24858277
25805	24858277
15367	23936342
25805	23936342
15367	23936342
15367	23936342
31624	23936342
15367	23936342
25805	23936342
25805	23936342
15367	23936342
25805	23936342
25805	23936342
15367	23936342
27560	23936342
15367	23936342
15367	23936342
15367	23936342
15367	23936342
15367	23936342
15367	23936342
15367	23936342
9757	23936342
8094	23936342
15367	23936342
15367	23936342
15367	23936342
15367	23936342
15367	23936342
15367	23936342
25805	23936342
25805	23936342
15367	23936342
15367	23936342
15367	23936342
15367	23936342
41774	28232072
41774	28232072
15377	28232072
60648	28232072
6015	28232072
35255	28232072
17824	28232072
44730	28232072
31624	28232072
25555	28232072
42485	28232072
2511	28232072
29101	28232072
29320	28232072
85264	28232072
29101	28232072
26519	22723919
36375	22723919
36375	22723919
36375	22723919
36375	22723919
36375	22723919
36375	22723919
36375	22723919
36375	22723919
36375	22723919
36375	22723919
36375	22723919
36375	22723919
36375	22723919
36375	22723919
36375	22723919
36375	22723919
25805	26032136
33415	26473739
33415	26473739
33415	26473739
33415	26473739
33415	26473739
33415	26473739
33415	26473739
33415	26473739
33415	26473739
33415	26473739
33415	26473739
33415	26473739
33415	26473739
33415	26473739
15377	26473739
33415	26473739
33415	26473739
33415	26473739
33415	26473739
16842	22072619
44730	22072619
15377	22072619
53258	22072619
37990	22072619
48021	22072619
16397	22072619
72457	22072619
48559	22072619
41774	25907378
41774	25907378
80555	25907378
41774	25907378
41774	25907378
41774	25907378
80555	25907378
43176	25907378
4636	25907378
30751	25907378
80555	25907378
3723	25907378
36791	25907378
9943	25907378
4470	25907378
57871	25907378
36315	26327622
53181	26327622
16412	26327622
7754	26327622
30085	26327622
16450	26327622
53448	26327622
37926	26327622
57586	26327622
16842	26327622
51356	26327622
58007	26327622
7754	26327622
40910	26327622
53448	26327622
51356	26327622
58007	26327622
32139	26327622
41218	26327622
53448	26327622
42758	23466706
42758	23466706
77932	23466706
60648	23466706
3638	23466706
27641	23466706
49900	23466706
5292	23466706
42758	23466706
15361	23466706
60255	23466706
41218	23466706
42758	23151455
42758	23151455
42758	23151455
42758	23151455
26519	23151455
25805	23151455
42758	23151455
42758	23151455
27641	23151455
46887	23151455
2511	23151455
3638	23151455
32875	23151455
16708	23151455
51240	23151455
60255	23151455
78897	23151455
77932	23151455
46741	23151455
60648	23151455
9168	23151455
46662	23151455
25350	23151455
15889	23151455
63580	26274905
63580	26274905
63580	26274905
63580	26274905
63580	26274905
63580	26274905
63580	26274905
16750	26274905
60783	26274905
17202	26274905
15996	26274905
85083	26274905
51356	26274905
58007	26274905
50144	26274905
51356	26274905
58007	26274905
36706	26274905
30000	26274905
30000	26274905
30000	26274905
63580	26274905
68621	26274905
68595	26274905
48120	27979832
49322	27979832
64816	27979832
15358	27979832
45863	27979832
17748	27979832
72564	27979832
27899	27979832
465284	27979832
36064	27979832
49322	27979832
25805	27979832
31522	27979832
31522	27979832
3216	27979832
41250	27979832
53325	27979832
61538	27979832
29234	27979832
31624	27979832
51231	27979832
57586	27979832
63236	27979832
53448	27979832
6015	27979832
64816	27979832
64310	27057482
64310	27057482
64310	27057482
64310	27057482
64310	27057482
64310	27057482
17489	27057482
64310	27057482
64310	27057482
64310	27057482
64310	27057482
64310	27057482
64310	27057482
64310	27057482
64310	27057482
64310	27057482
64310	27057482
64310	27057482
64310	27057482
64310	27057482
64310	27057482
64310	27057482
64310	27057482
64310	27057482
64310	27057482
64310	27057482
64310	27057482
64310	27057482
64310	27057482
64310	27057482
64310	27057482
64310	27057482
64310	27057482
64310	27057482
64310	27057482
64310	27057482
64310	27057482
64310	27057482
64310	27057482
64310	27057482
64310	27057482
64310	27057482
64310	27057482
64310	27057482
64310	27057482
64310	27057482
42645	27057482
30396	27057482
42241	27057482
14973	27057482
57586	27057482
15377	27057482
46662	27057482
17992	27057482
64310	27057482
64310	27057482
64310	27057482
64310	27057482
64310	27057482
17883	27057482
42758	27057482
64310	27057482
64310	27057482
17883	27057482
64310	27057482
15377	27057482
15377	27057482
77916	27057482
35505	27057482
52107	27057482
25555	27057482
16842	27057482
16842	27057482
16240	27057482
15377	27057482
57586	27057482
57586	27057482
64310	27057482
64310	27057482
64310	27057482
41774	25576084
31638	25576084
6413	25576084
2704	25576084
26536	25576084
31991	25576084
31638	25576084
52007	25576084
6716	25576084
254496	25576084
16842	25576084
38635	25576084
5801	25576084
23965	25576084
28939	25576084
41688	25576084
16412	25576084
78324	25576084
33415	26908137
33415	26908137
33415	26908137
33415	26908137
33415	26908137
33415	26908137
40036	26908137
33415	26908137
15377	26908137
33415	26908137
33415	26908137
25555	26908137
33415	26908137
23965	22456984
35509	22456984
8387	22456984
35509	22456984
8387	22456984
31991	22456984
44730	22456984
52082	22456984
49603	22456984
64208	22456984
60766	22456984
49603	22456984
41774	22456984
16113	22456984
76591	22456984
2710	22456984
23965	22456984
16044	25354395
16044	25354395
5931	25354395
17026	25354395
16044	25354395
16044	25354395
16044	25354395
16044	25354395
17026	25354395
16044	25354395
16044	25354395
16044	25354395
50342	25354395
16044	25354395
17026	25354395
46662	25354395
15377	25354395
15377	25354395
42758	25354395
42758	25354395
42758	25354395
16842	25354395
5931	25354395
5931	25354395
5931	25354395
42758	25354395
5931	25354395
17026	25354395
16044	25354395
16044	25354395
16044	25354395
16044	25354395
16044	25354395
16044	25354395
16044	25354395
16044	25354395
16044	25354395
16044	25354395
16044	25354395
16044	25354395
42758	25354395
5931	25354395
42758	25354395
5931	25354395
5931	25354395
17026	25354395
17026	25354395
16044	25354395
16044	25354395
16044	25354395
16044	25354395
16044	25354395
16044	25354395
16044	25354395
5931	25354395
5931	25354395
42758	25354395
5931	25354395
17026	25354395
16044	25354395
16044	25354395
17650	25714835
5931	25714835
16708	25714835
51356	25714835
58007	25714835
30000	25714835
52661	25714835
15377	25714835
15366	25714835
15366	25714835
9177	25714835
17754	25714835
29101	25714835
46442	25714835
71240	25714835
29101	25714835
76530	25714835
51240	25714835
18059	26575637
28874	26575637
18059	26575637
35701	26575637
38472	26575637
73002	26575637
64482	26575637
47766	26575637
46883	26575637
46793	26575637
18059	26575637
15377	26575637
42758	26575637
32139	26575637
50144	26575637
51356	26575637
58007	26575637
53426	26575637
44730	26575637
44520	26575637
15347	26575637
78897	26575637
9177	26575637
42485	26575637
29234	26575637
53424	26575637
51248	26575637
10545	26575637
59809	26575637
16044	24218051
16044	24218051
16044	24218051
16044	24218051
16044	24218051
15377	24218051
42758	24218051
42758	24218051
17489	24218051
16044	24218051
5931	24218051
17026	24218051
5931	24218051
47885	21846966
16240	21846966
5601	21846966
47885	21846966
7754	21846966
60766	21846966
48120	21846966
27452	22489207
30355	22489207
25218	22489207
60804	22489207
27452	22489207
30355	22489207
25218	22489207
60804	22489207
53276	22489207
30355	22489207
25218	22489207
53276	22489207
53511	22489207
60804	22489207
53511	22489207
60804	22489207
53511	22489207
53511	22489207
15377	22489207
53511	22489207
60804	22489207
60804	22489207
27560	22489207
27560	22489207
27452	22489207
25219	22489207
60804	22489207
27452	22489207
30355	22489207
25218	22489207
60804	22489207
15377	22489207
60804	22489207
50594	22489207
60804	22489207
60804	22489207
30563	22489207
30396	22489207
26755	22489207
30563	22489207
62805	22489207
60804	22489207
60804	22489207
60804	22489207
30396	22489207
26755	22489207
44520	22489207
53511	22489207
30563	22489207
60804	22489207
30355	22489207
35701	22489207
53511	22489207
38472	22489207
15767	22489207
15767	22489207
37080	22489207
60804	22489207
26519	22489207
30356	22489207
37080	22489207
30356	22489207
25218	22489207
37080	22489207
25218	22489207
37080	22489207
60804	22489207
38472	22489207
60804	22489207
60804	22489207
53276	22489207
30355	22489207
25218	22489207
60804	22489207
60029	22489207
60029	22489207
53511	22489207
60804	22489207
60804	22489207
60804	22489207
60804	22489207
60804	22489207
38472	22489207
26911	22489207
29021	22489207
60804	22489207
45892	22489207
53511	22489207
15377	22489207
35255	22489207
30355	22489207
35701	22489207
60029	22489207
53511	22489207
53276	22489207
29021	22489207
60804	22489207
60804	22489207
30396	22489207
50728	22489207
29432	22489207
50728	22489207
32875	22489207
30355	22489207
32875	22489207
30355	22489207
60804	22489207
60804	22489207
60804	22489207
60804	22489207
60804	22489207
60029	22489207
60804	22489207
60804	22489207
60804	22489207
60804	22489207
60804	22489207
60804	22489207
60804	22489207
60804	22489207
60804	22489207
60804	22489207
60804	22489207
60804	22489207
60804	22489207
60804	22489207
60804	22489207
60804	22489207
60029	22489207
38472	22489207
60029	22489207
60029	22489207
60029	22489207
60029	22489207
60029	22489207
60029	22489207
60029	22489207
60029	22489207
60029	22489207
53511	22489207
53511	22489207
53511	22489207
53511	22489207
60804	22489207
53511	22489207
60804	22489207
30396	22489207
60804	22489207
53511	22489207
60804	22489207
60804	22489207
60029	22489207
60804	22489207
29021	22489207
53513	22489207
60029	22489207
60029	22489207
60029	22489207
60029	22489207
35701	22489207
23019	22489207
30355	22489207
60804	22489207
29021	22489207
60804	22489207
53511	22489207
60804	22489207
29021	22489207
29021	22489207
60029	22489207
60804	22489207
29021	22489207
60804	22489207
60804	22489207
60804	22489207
60804	22489207
53511	22489207
60804	22489207
53511	22489207
53511	22489207
60804	22489207
53511	22489207
53511	22489207
60804	22489207
60804	22489207
60804	22489207
60804	22489207
60804	22489207
60804	22489207
60804	22489207
60804	22489207
60804	22489207
60804	22489207
60804	22489207
60804	22489207
60804	22489207
53511	22489207
60804	22489207
60804	22489207
60804	22489207
60804	22489207
60804	22489207
60804	22489207
60804	22489207
60804	22489207
60804	22489207
60029	22489207
60804	22489207
53511	22489207
53511	22489207
60029	22489207
53511	22489207
29021	22489207
53276	22489207
29021	22489207
53511	22489207
53276	22489207
29021	22489207
53511	22489207
53511	22489207
60804	22489207
53511	22489207
60804	22489207
60804	22489207
45863	24706167
45863	24706167
45863	24706167
45863	24706167
45863	24706167
45863	24706167
45863	24706167
48120	24706167
49603	24706167
27306	24706167
42797	24706167
2666	24706167
44185	24706167
15889	24706167
16113	24706167
16581	24706167
17026	24706167
28453	24706167
59809	24706167
42797	24706167
2666	24706167
27306	24706167
64816	24706167
4027	24706167
59809	24706167
31355	24706167
49603	24706167
48120	24681605
48120	24681605
48120	24681605
48120	24681605
48120	24681605
64816	24681605
4027	24681605
36064	24681605
44185	24681605
46345	24681605
45863	24681605
59809	24681605
31348	24681605
46345	24681605
47898	24681605
50342	24681605
49322	24681605
32865	24681605
36064	24681605
36315	21297860
16247	21297860
36315	21297860
33252	21297860
5931	21297860
42758	21297860
9177	21297860
29101	21297860
46442	21297860
71240	21297860
29101	21297860
76530	21297860
77702	21297860
25555	21297860
41250	21297860
53424	21297860
35298	21297860
6715	21297860
6716	21297860
16526	21297860
16842	21297860
5601	21297860
57586	21297860
77702	21297860
25555	21297860
44520	21297860
15377	21297860
15377	21297860
38472	21297860
15377	21297860
30751	21297860
15377	21297860
38472	21297860
30751	21297860
15377	21297860
32161	21297860
38472	21297860
15377	21297860
6715	21297860
6715	21297860
18059	21297860
42758	21297860
46887	21297860
50744	21297860
15904	21297860
39547	21297860
27283	21297860
16247	21297860
18059	21297860
39547	21297860
57952	21297860
75108	21297860
25627	21297860
43176	21297860
49273	21297860
73074	21297860
64574	21297860
64574	21297860
64574	21297860
75108	21297860
25627	21297860
15843	21297860
36033	21297860
15843	21297860
36033	21297860
39547	21297860
28716	21297860
24548	21297860
64574	21297860
64574	21297860
25627	21297860
42758	21297860
50744	21297860
15361	21297860
24996	21297860
16247	21297860
16961	21297860
42758	21297860
50744	21297860
35748	21297860
15358	21297860
15361	21297860
5931	21297860
16044	25072025
16044	25072025
16044	25072025
16044	25072025
16044	25072025
81572	25072025
16044	25072025
16044	25072025
16044	25072025
16044	25072025
16044	25072025
16044	25072025
16044	25072025
16044	25072025
16044	25072025
81572	25072025
16044	25072025
5931	25072025
81572	25072025
16044	25072025
50342	25072025
16044	25072025
81572	25072025
46662	25072025
15377	25072025
15377	25072025
16842	25072025
42758	25072025
42758	25072025
5931	25072025
5931	25072025
42758	25072025
5931	25072025
81572	25072025
81572	25072025
81572	25072025
81572	25072025
16044	25072025
16044	25072025
16044	25072025
16044	25072025
5931	25072025
42758	25072025
42758	25072025
5931	25072025
5931	25072025
5931	25072025
5931	25072025
42758	25072025
5931	25072025
42758	25072025
5931	25072025
81572	25072025
81572	25072025
42758	25072025
5931	25072025
81572	25072025
81572	25072025
81572	25072025
81572	25072025
81572	25072025
81572	25072025
81572	25072025
81572	25072025
16044	25072025
16044	25072025
16044	25072025
16044	25072025
16044	25072025
16044	25072025
16044	25072025
16044	25072025
16044	25072025
16044	25072025
28874	25072025
16044	25072025
5931	25072025
5931	25072025
42758	25072025
5931	25072025
42758	25072025
5931	25072025
81572	25072025
5931	25072025
5931	25072025
81572	25072025
81572	25072025
16044	25072025
16044	25072025
16044	25072025
16044	25072025
16044	25072025
36375	21978359
33385	21978359
22563	21958735
16113	21958735
2038	21958735
39146	21958735
15377	21958735
60766	21958735
53325	21958735
22908	21958735
7754	21958735
42485	21958735
30000	21958735
26710	21958735
17137	21958735
17137	21958735
77702	21958735
25555	21958735
30000	21958735
2511	21958735
4883	21958735
7754	21958735
47885	21958735
2038	21958735
15358	21958735
15358	21958735
36976	21958735
16708	21958735
32568	21958735
40574	21958735
60987	21958735
49836	24681808
50744	24681808
30797	24681808
60648	24681808
25350	24681808
77932	24681808
60648	24681808
27899	24681808
16716	24681808
27092	24681808
47853	24681808
46882	24681808
29825	24681808
30746	24681808
60255	24681808
78897	24681808
49836	24681808
49836	24681808
31355	24681808
31355	24681808
33749	24681808
27899	24681808
27899	24681808
27899	24681808
27899	24681808
50744	24681808
15889	24681808
25350	24681808
50744	24681808
15889	24681808
25805	24681808
42758	24681808
15361	24681808
42485	24681808
42485	24681808
73318	24681808
17754	24681808
53424	24681808
41218	24681808
9679	24681808
78897	24681808
17042	24681808
61538	24681808
41688	24681808
44730	19543829
37990	19543829
48021	19543829
16397	19543829
72457	19543829
48559	19543829
36976	24167554
16842	24167554
26519	24167554
5601	24167554
26519	24167554
10545	23395885
41774	23395885
31638	23395885
35581	23395885
49603	23395885
31991	23395885
31638	23395885
22689	23395885
44616	23395885
5801	23395885
38635	23395885
32607	23395885
32708	23395885
17478	23395885
32854	23395885
17478	23395885
41688	23395885
53258	23395885
52007	23395885
16842	23395885
10545	23395885
61538	23395885
47622	23395885
50744	23395885
10545	23395885
29320	23395885
28874	23395885
49603	23395885
31638	19147585
42758	19147585
9584	19147585
16526	19147585
15366	19147585
44730	19147585
15377	19147585
78310	19147585
74768	19147585
27338	19147585
6715	19147585
51356	19147585
58007	19147585
17833	19147585
5931	19147585
25555	19147585
75221	19147585
76530	19147585
71240	19147585
41250	19147585
53424	19147585
30000	19147585
2511	19147585
4883	19147585
27338	19147585
50744	19147585
5601	19147585
31991	19147585
23965	19147585
15882	19147585
35255	19147585
15837	19147585
36032	19147585
16040	19147585
17137	19147585
64208	19147585
31638	19147585
35298	19147585
28874	19147585
31638	19147585
47885	19697121
47885	19697121
47885	19697121
7754	19697121
60766	19697121
29108	23638367
51356	23638367
29101	23638367
32158	23638367
8984	23638367
9177	23638367
41218	23638367
17992	23638367
59424	23638367
28619	23638367
53424	23638367
278547	23638367
39146	23638367
15358	23638367
2038	23638367
2511	23638367
46883	23638367
2511	23638367
30212	23638367
16842	25934889
16842	25934889
5601	25934889
5601	25934889
5931	25934889
3312	25934889
44730	25934889
2511	25934889
37990	25934889
57586	25934889
60255	25934889
28262	25934889
52661	25934889
57491	25934889
30085	25934889
16450	25934889
28659	25934889
76612	25934889
60766	25934889
30212	21708019
50144	21708019
41218	21708019
17833	21708019
25555	21708019
50144	21708019
41218	21708019
17833	21708019
30212	21708019
30212	21708019
4393	21708019
44520	21708019
15366	21708019
26710	21708019
15882	21708019
35255	21708019
15837	21708019
17754	21708019
26710	21708019
33325	21708019
42758	22752300
42758	22752300
41774	22752300
31638	22752300
23965	22752300
42758	22752300
24848	22752300
29320	22752300
44616	22752300
51356	22752300
41688	22752300
16842	22752300
35298	22752300
9397	22752300
31991	22752300
50744	22752300
23614	22752300
8102	22752300
29101	22752300
46442	22752300
53325	22752300
29234	22752300
5601	22752300
57586	22752300
7754	22752300
44730	22752300
41774	22752300
50342	22752300
37926	22752300
42758	22752300
3815	16551362
5931	16551362
73489	16551362
53201	16551362
42485	16551362
5601	16551362
52722	16551362
60766	16551362
5291	16551362
29234	16551362
15377	16551362
15366	16551362
15366	16551362
9754	16551362
3815	16551362
3815	16551362
3815	16551362
3815	16551362
3815	16551362
16842	16551362
60766	16551362
53325	16551362
60766	16551362
53325	16551362
27338	16551362
44730	16551362
5601	16551362
57586	16551362
3815	16551362
3815	16551362
5291	16551362
52722	16551362
52722	16551362
52722	16551362
64208	16551362
3815	16551362
3815	16551362
3815	16551362
3815	16551362
47622	16551362
28874	16551362
57586	16551362
3815	16551362
60766	16551362
53325	16551362
52722	16551362
52722	16551362
3815	16551362
3815	16551362
5931	23100451
27092	23100451
50744	23100451
30797	23100451
50744	23100451
30797	23100451
50744	23100451
42758	23100451
15361	23100451
50744	23100451
30797	23100451
50744	23100451
30797	23100451
50744	23100451
50744	23100451
27092	23100451
50744	23100451
28965	23100451
30797	23100451
50744	23100451
50744	23100451
30797	23100451
30797	23100451
10545	23100451
50744	23100451
15361	23100451
24996	23100451
15361	23100451
46887	23100451
50744	23100451
50744	23100451
60255	23100451
50744	23100451
50744	23100451
50744	23100451
18059	23100451
46887	23100451
50744	23100451
26519	23100451
25805	23100451
50744	23100451
16716	23100451
27092	23100451
50744	23100451
50744	23100451
50744	23100451
50744	23100451
50744	23100451
50744	23100451
78897	23100451
77932	23100451
77932	23100451
77932	23100451
15377	23100451
50744	23100451
77932	23100451
77932	23100451
42758	23100451
50744	23100451
42758	23100451
42758	23100451
17754	23100451
18059	23100451
15756	23100451
18059	23100451
42758	23100451
24996	23100451
24996	23100451
24996	23100451
42758	23100451
46887	23100451
77932	23100451
6617	23100451
24996	23100451
30797	23100451
16087	23100451
77932	23100451
50744	23100451
30797	23100451
50744	23100451
30797	23100451
16087	23100451
50744	23100451
15361	23100451
24996	23100451
15361	23100451
15361	23100451
50744	23100451
16087	23100451
30797	23100451
16087	23100451
15361	23100451
51850	23100451
51850	23100451
50744	23100451
78897	23100451
51850	23100451
25805	23100451
42758	23100451
42758	23100451
42758	23100451
42758	23100451
42758	23100451
25805	23100451
42758	23100451
25805	23100451
42758	23100451
42758	23100451
25589	23100451
51739	23100451
38635	23100451
42758	23100451
9168	23100451
42758	23100451
23019	23100451
48819	23100451
28201	23100451
50744	23100451
50744	23100451
23623	23100451
6801	23100451
27092	23100451
42758	23100451
15361	23100451
30031	23100451
46234	23100451
52020	23100451
28457	23100451
50428	23100451
28201	23100451
77932	23100451
77932	23100451
25805	23100451
50744	23100451
24996	23100451
16087	23100451
30797	23100451
25805	23100451
25805	23100451
25589	23100451
51739	23100451
25805	20420713
85264	20420713
26519	20420713
77702	20420713
25555	20420713
26519	20420713
2511	20420713
45863	22527101
45863	22527101
45863	22527101
45863	22527101
45863	22527101
45863	22527101
52153	22527101
45863	22527101
80630	22527101
10033	22527101
36064	22527101
64816	22527101
4027	22527101
48120	22527101
45863	22527101
59809	22527101
36064	22527101
30052	16820501
10545	16820501
25805	16820501
23806	16820501
46882	16820501
19391	16820501
42758	16820501
30052	16820501
42758	16820501
73002	16820501
22211	16820501
28938	16820501
50562	16820501
17987	16820501
53424	16820501
44557	16820501
15882	16820501
35255	16820501
15347	16820501
15377	16820501
62946	16820501
8984	16820501
60766	16820501
16199	16820501
16670	16820501
36976	16820501
36219	16820501
18246	16820501
26078	16820501
75281	16820501
28568	16820501
42465	16820501
25555	16820501
32954	16820501
17754	16820501
44730	16820501
18222	16820501
18167	16820501
33415	16820501
47265	16820501
47853	16820501
46793	16820501
28757	16820501
16704	16820501
38290	16820501
16670	16820501
8984	16820501
83166	16820501
15347	16820501
62946	16820501
32874	23563312
25805	23563312
24996	23563312
41774	23563312
44616	23563312
25179	23563312
51766	23563312
8040	23563312
70839	23563312
63637	23563312
45783	23563312
51356	23563312
58007	23563312
60255	23563312
8984	23563312
60766	23563312
53325	23563312
5291	23563312
61538	23563312
29234	23563312
29108	23563312
18420	23563312
16842	23563312
3815	23563312
42758	21955520
6715	21955520
51356	21955520
58007	21955520
17833	21955520
25555	21955520
8102	21955520
75221	21955520
28741	21955520
76530	21955520
71240	21955520
41250	21955520
53424	21955520
61538	21955520
15377	21955520
57586	21955520
52722	21955520
52722	21955520
28874	21955520
41774	19588487
41774	19588487
41774	19588487
41774	19588487
41774	19588487
41774	19588487
41774	19588487
50342	19588487
74956	19588487
29234	19588487
17754	19588487
6426	19588487
2511	19588487
53325	19588487
27338	19588487
50744	19588487
5601	19588487
23965	19588487
41774	19588487
74956	19588487
16842	24523870
5601	24523870
2511	24523870
2511	24523870
27338	24523870
44730	24523870
29101	24523870
53258	24523870
60185	24523870
48559	24523870
17137	24523870
17137	24523870
36976	24523870
29888	24523870
26709	24523870
17137	24523870
16040	24523870
17568	24523870
17821	24523870
17137	24523870
36976	24523870
17137	24523870
27338	24523870
44730	24523870
50744	24523870
15377	24523870
57586	24523870
57586	24523870
5291	24523870
5291	24523870
5291	24523870
57586	24523870
5291	24523870
42645	24523870
10545	24523870
3815	24523870
17137	24523870
3815	24523870
17026	21234289
17026	21234289
51356	21234289
58007	21234289
4393	21234289
44520	21234289
15366	21234289
17026	21234289
17026	21234289
17026	21234289
17026	21234289
45863	22433870
45863	22433870
45863	22433870
45863	22433870
45863	22433870
45863	22433870
45863	22433870
45863	22433870
45863	22433870
45863	22433870
45863	22433870
45863	22433870
49322	22433870
45863	22433870
51356	22433870
58007	22433870
9948	22433870
44730	22433870
46882	22433870
25241	22433870
9177	22433870
8102	22433870
2511	22433870
2511	22433870
41688	22433870
44520	22433870
15377	22433870
50744	22433870
53258	22433870
51240	22433870
37926	22433870
48559	22433870
49637	22433870
49637	22433870
26710	22433870
36064	22433870
47853	22433870
17097	22433870
32875	22433870
48499	22433870
26308	22433870
29825	22433870
14973	22433870
47013	22433870
28260	20407015
28260	20407015
35584	20407015
16898	20407015
36976	20407015
7754	20407015
7754	20407015
6104	20407015
42758	20407015
16708	20407015
16634	20407015
28260	20407015
41250	20407015
44785	20407015
48120	20407015
36064	20407015
64816	20407015
41774	20407015
27504	20407015
32630	20407015
29105	20407015
50326	20407015
4027	20407015
3391	20407015
33415	20407015
53201	18953345
53276	18953345
40036	18953345
53276	18953345
25555	18953345
28112	18953345
73657	18953345
16842	15083194
27338	15083194
44730	15083194
57586	15083194
42098	15083194
51247	15083194
31624	15083194
5601	15083194
42098	15083194
42098	15083194
75508	15083194
9505	15083194
57586	15083194
44785	15083194
50744	15083194
57586	15083194
44785	15083194
16842	15083194
16842	15083194
28874	20237158
61292	20237158
61292	20237158
15996	20237158
17552	20237158
61292	20237158
61292	20237158
28874	20237158
29234	20237158
8102	20237158
6426	20237158
57925	20237158
2511	20237158
57925	20237158
61292	20237158
57925	20237158
2511	20237158
29234	20237158
46442	20237158
6426	20237158
29234	20237158
46442	20237158
6426	20237158
2511	20237158
42758	20237158
64208	20237158
42485	20237158
64208	20237158
28262	20237158
64208	20237158
36976	20237158
36976	20237158
64208	20237158
31638	20457620
31638	20457620
31638	20457620
41774	20457620
31638	20457620
2704	20457620
8772	20457620
31991	20457620
61538	20457620
29234	20457620
53258	20457620
24061	20457620
48559	20457620
39073	20457620
46883	20457620
52282	20457620
23965	20457620
7754	20457620
44730	20457620
